keyword,search_volume_estimate,competition_density,commercial_intent,seasonal_pattern,primary_product_fit,secondary_products,notes
cable organizer,15000-25000,very_high,high,Jan/Aug/Nov peaks,cable_clips_individual,cable_rail_system,"Broad category term; 5000+ listings. Must be in title but do not rely on it alone. Combine with modifiers."
desk organizer,30000-50000,extreme,high,Jan/Aug peaks,cable_clips_bundle,headphone_hook,"Too broad alone; 30000+ competing listings. Use only as title supplement with more specific primary keyword."
cable management,8000-15000,high,high,Jan/Aug/Nov peaks,cable_clips_individual,cable_rail_system,"Core category term. 3000+ listings. Essential in title and tags. Worth fighting for with strong LQS."
cord organizer,5000-10000,high,high,Jan/Aug peaks,cable_clips_individual,cable_rail_system,"UK-preferred variant. Use alongside cable organizer. Covers British and Australian search traffic."
wire organizer,4000-8000,medium_high,high,Jan peaks,cable_clips_individual,cable_rail_system,"Less saturated than cable organizer. Good tag candidate. Engineering-adjacent buyers use this term."
desk cable organizer,3000-6000,medium,high,Jan/Aug peaks,cable_clips_bundle,cable_rail_system,"Better signal-to-noise than broad cable organizer. 1000-2000 competing listings. Primary title target."
cable management clips,1500-3000,medium,very_high,Jan/Aug/Nov peaks,cable_clips_individual,cable_clips_bundle,"Direct product match for ModRun. High purchase intent. Use in first 40 chars of title."
cable clip organizer,1000-2500,medium,very_high,Jan/Aug peaks,cable_clips_individual,cable_clips_bundle,"Synonym for cable management clips. Strong tag candidate. Different word order captures different queries."
under desk cable management,1000-2000,medium,very_high,Jan/Mar/Aug peaks,cable_clips_bundle,cable_rail_system,"Placement-specific query. Very high purchase intent. Buyers know exactly what they want."
cord management desk,800-1500,medium,high,Jan/Aug peaks,cable_clips_bundle,cable_rail_system,"Word-order variant. Captures different query formations. Good tag."
home office cable organizer,800-1500,medium,high,Jan/Sep peaks,cable_clips_bundle,headphone_hook,"Use-case modifier. Evergreen WFH demand. Gift intent adjacency."
cable holder desk,600-1200,medium_low,high,Jan/Aug peaks,cable_clips_individual,cable_clips_bundle,"Simpler phrasing; catches less-specific searchers. Lower competition entry point."
wire management desk,500-1000,medium_low,high,Jan peaks,cable_clips_individual,cable_rail_system,"Engineering-adjacent language. Self-selecting informed buyer who wants precise tolerances."
3D printed cable management,400-800,low_medium,very_high,Jan/Aug peaks,cable_clips_individual,cable_clips_bundle,"Self-selects buyers who know 3D printing. Excellent conversion rate. Low listing competition."
3D printed cable clips,300-600,low,very_high,Jan/Aug peaks,cable_clips_individual,cable_clips_bundle,"Highly specific; very strong conversion. ModRun's sweet spot. Virtually no LQS competition."
modular cable management,300-500,low,very_high,Jan/Mar peaks,cable_rail_system,cable_clips_bundle,"Unique differentiator phrase for ModRun. Very low competition. Use in title of rail system listing."
standing desk cable organizer,300-500,low_medium,very_high,Jan/Mar/Aug peaks,cable_clips_bundle,cable_rail_system,"Growing query as sit-stand desks proliferate. Highly specific use case. Almost no dedicated listings."
desk setup cable management,200-400,low,very_high,Jan/Aug peaks,cable_clips_bundle,cable_rail_system,"r/battlestations language. Tech buyer with high spend tolerance. Good tag candidate."
gaming desk cable organizer,400-800,medium,very_high,Jan/Aug peaks,cable_clips_bundle,headphone_hook,"High-spend gaming buyer segment. Repeat purchaser profile. Include gaming desk photo in listing."
magnetic cable clips,200-400,low,very_high,Jan/Aug peaks,cable_clips_individual,cable_clips_bundle,"If ModRun uses magnetic mechanism: powerful differentiator with almost no competition. High conversion."
minimalist cable management,200-400,low,high,Jan peaks,cable_clips_individual,cable_clips_bundle,"Aesthetic buyer. Premium price tolerance. Pinterest and r/minimalism crossover traffic."
cable management gift,150-300,low,very_high,Nov/Dec peaks,cable_clips_bundle,headphone_hook,"Seasonal gift modifier. Spikes Q4. Add to tags starting October 1."
work from home desk organizer,200-400,low_medium,high,Jan/Sep peaks,cable_clips_bundle,headphone_hook,"Evergreen post-pandemic term. Combines WFH with organization intent."
desk accessories gift for him,300-600,medium,very_high,Nov/Dec peaks,cable_clips_bundle,headphone_hook,"Top holiday gift search term for desk products. Critical tag for Q4. Add October 1."
standing desk accessories,300-600,medium,high,Jan/Mar/Aug peaks,cable_clips_bundle,cable_rail_system,"Broad accessory term for sit-stand desk owners. Growing market segment."
cable management system,400-800,medium,very_high,Jan peaks,cable_rail_system,cable_clips_bundle,"Buyers searching for complete solution not just clips. Target with rail+clips bundle listing."
monitor cable management,300-500,low_medium,very_high,Jan/Aug peaks,cable_clips_bundle,cable_rail_system,"Specific placement: cables behind/under monitor. Very high intent."
HDMI cable organizer,200-400,low,very_high,Jan/Aug/Nov peaks,cable_clips_individual,cable_clips_bundle,"Cable-type specific. Low competition. Buyers know exactly what they need."
USB cable organizer,300-500,medium,very_high,Jan/Aug peaks,cable_clips_individual,cable_clips_bundle,"Cable-type specific. Broader than HDMI but still very specific."
charging cable organizer,400-800,medium,high,Nov/Dec peaks,cable_clips_individual,cable_clips_bundle,"Wireless charging accessories often purchased alongside. Gift-adjacent intent Q4."
desk wire clips,300-600,low_medium,very_high,Jan/Aug peaks,cable_clips_individual,cable_clips_bundle,"Wire vs. cable language; covers different buyer vocabulary."
cord clips desk,200-400,low,very_high,Jan/Aug peaks,cable_clips_individual,cable_clips_bundle,"Variation; good tag candidate."
flexispot cable management,200-400,low,very_high,evergreen,cable_clips_bundle,cable_rail_system,"Desk-brand-specific search. Extremely high intent. Almost zero competition. Create brand-specific variant."
uplift desk accessories,150-300,low,very_high,evergreen,cable_clips_bundle,cable_rail_system,"Same strategy as Flexispot. Uplift V2 owners are heavy accessory buyers."
IKEA cable management,400-800,medium,high,Jan/Mar peaks,cable_clips_bundle,cable_rail_system,"IKEA desk owners are large buyer segment. ALEX drawer desk users especially."
headphone stand,5000-10000,very_high,high,Nov/Dec/Jan peaks,headphone_hook,cable_clips_bundle,"Very competitive. 10000+ listings. Compete on price and 3D-printed original design angle."
headphone hook,2000-4000,high,very_high,Jan/Aug/Nov peaks,headphone_hook,cable_clips_bundle,"More specific than stand. Better signal-to-noise ratio. Primary title keyword for hook listing."
under desk headphone hook,800-1500,medium,very_high,Jan/Aug peaks,headphone_hook,cable_clips_bundle,"Highest-intent headphone hook query. Very specific placement."
3D printed headphone hook,300-600,low_medium,very_high,Jan/Aug peaks,headphone_hook,cable_clips_bundle,"Original design differentiator. Low competition. High conversion from informed buyers."
gaming headset hook,800-1500,medium,very_high,Jan/Nov/Dec peaks,headphone_hook,cable_clips_bundle,"High-spend gaming segment. Gift-intent strong Q4."
desk headphone hanger,600-1200,medium,high,Jan/Aug peaks,headphone_hook,cable_clips_bundle,"Synonym variant; good tag."
monitor headphone hook,300-500,low,very_high,Jan peaks,headphone_hook,cable_clips_bundle,"Monitor-mount variant. Almost no competition. Highly specific."
headset stand 3D printed,300-600,low_medium,very_high,Jan/Aug peaks,headphone_hook,cable_clips_bundle,"Material signal. Attracts buyers who value 3D-printed originals."
gaming room accessories,1000-2000,high,high,Jan/Nov/Dec peaks,headphone_hook,cable_clips_bundle,"Broad gaming room term. Use as tag supplement not primary keyword."
plant markers,3000-6000,very_high,medium,Mar-Jun peak,plant_markers,,"Strong spring seasonality. Very saturated. Differentiate via 3D-printed + personalized framing."
custom plant labels,1500-3000,high,high,Mar-Jun peak,plant_markers,,"Personalization angle improves margin and reduces competition. Gift intent."
3D printed plant markers,200-400,low,high,Mar-Jun peak,plant_markers,,"Niche but excellent conversion. Very few dedicated listings. Strong differentiator."
herb garden markers,1000-2000,medium,medium,Mar-May peak,plant_markers,,"Spring specific. Strong seasonal spike March-May. Add in February."
personalized plant stakes,800-1500,medium,high,Mar-Jun/Nov-Dec peaks,plant_markers,,"Gift intent strong Q4 as gardening gifts. Year-round with seasonal spikes."
indoor plant markers,600-1200,medium,medium,Jan/Mar peaks,plant_markers,,"Indoor plant buyer. Year-round demand with spring and new year spikes."
garden gift,1500-3000,high,very_high,Mar-May/Nov-Dec peaks,plant_markers,,"Broad gift term. Use in tags for plant marker listings in season."
succulent markers,400-800,low_medium,medium,Mar-Jun peak,plant_markers,,"Specific plant type. Lower competition than generic plant markers."
pegboard hooks,3000-6000,high,high,Jan/Mar peaks,pegboard_hooks,cable_clips_bundle,"Broad category. 1000+ listings. Must have secondary differentiators in title."
3D printed pegboard hooks,400-800,medium,very_high,Jan/Mar peaks,pegboard_hooks,cable_clips_bundle,"Original design signal. Better competition profile than generic pegboard hooks."
IKEA skadis accessories,500-1000,medium,very_high,evergreen,pegboard_hooks,,"Highly specific brand-compatible search. High conversion. Growing SKADIS owner community."
pegboard organizer,1500-3000,high,high,Jan/Mar peaks,pegboard_hooks,,"Broad term. Use as tag not primary title keyword."
garage pegboard hooks,600-1200,medium,high,Mar-Jun peak,pegboard_hooks,,"Use-case modifier; reduces competition vs. generic pegboard hooks."
custom pegboard accessories,300-600,low_medium,very_high,Jan/Mar peaks,pegboard_hooks,,"Personalization angle. Low competition. Premium price tolerance."
workshop pegboard hooks,400-800,medium,high,Mar-Jun peak,pegboard_hooks,,"Garage/workshop buyer. Slightly different aesthetic need from office buyer."
monitor riser,2000-4000,very_high,high,Jan/Aug peaks,monitor_riser_legs,cable_clips_bundle,"Extremely competitive. Wooden risers dominate. Only enter with differentiated design."
desk riser,1500-3000,very_high,high,Jan/Aug peaks,monitor_riser_legs,cable_clips_bundle,"Same competitive situation as monitor riser."
3D printed monitor stand,200-400,low,high,Jan/Aug peaks,monitor_riser_legs,cable_clips_bundle,"Niche but differentiated. Low competition. Only viable with highly distinctive design."
monitor stand desk organizer,400-800,medium,high,Jan/Aug peaks,monitor_riser_legs,cable_clips_bundle,"Combined use case with storage shelf component. Growing query."
dorm room desk organizer,400-800,medium,high,Jul-Sep peak,cable_clips_bundle,headphone_hook,"Back-to-school specific. Strong seasonal spike July-August. Add to descriptions only in season."
college desk accessories,300-600,medium,high,Jul-Sep peak,cable_clips_bundle,headphone_hook,"BTS buyer segment. Gift from parents to college-bound students."
new home gift,800-1500,medium,very_high,Mar-Jun/Nov-Dec peaks,cable_clips_bundle,headphone_hook,"Moving season + holiday gift crossover. High AOV per order."
work from home gift,500-1000,medium,very_high,Nov-Dec peak,cable_clips_bundle,headphone_hook,"Holiday gift intent. Strong Q4 modifier. Add to tags October 1."
home office gift for men,400-800,medium,very_high,Nov-Dec peak,cable_clips_bundle,headphone_hook,"Gender-specific gift modifier. High conversion for practical desk products."
tech gift ideas,1000-2000,high,very_high,Nov-Dec peak,cable_clips_bundle,headphone_hook,"Broad gift term. Use as tag supplement in Q4 only."
desk setup bundle,300-600,low,very_high,Jan/Nov-Dec peaks,cable_clips_bundle,headphone_hook,"Complete-system buyer. Low competition. Ideal title keyword for bundle listings."
home office accessories,1500-3000,high,high,Jan/Sep peaks,cable_clips_bundle,headphone_hook,"Broad category; use as supplementary tag."
cable management for home office,300-600,low,very_high,Jan/Sep peaks,cable_clips_bundle,cable_rail_system,"Long-tail; very high conversion intent. Low competition."
clean desk setup,300-500,low,high,Jan peaks,cable_clips_individual,cable_clips_bundle,"Aesthetic buyer. r/minimalism crossover. Pinterest search term."
